"","GEOID","POLY_ID","STATEFP","CD116FP","NAMELSAD","LSAD","CDSESSN","MTFCC","FUNCSTAT","ALAND","AWATER","INTPTLAT","INTPTLON","f_field_1","f_pref_ind","f_pid","f_GEOID","GEOID2","NUMPOINTS","GHG.QUANTI","vote_index"
"1","0101",145,1,"01","Congressional District 1","C2",116,"G5200","N",15713197908,2275675091,31.0020519,-87.7879717,1,0.572947618,1.075,101,101,51,289453.540984,-0.4
"2","0102",150,1,"02","Congressional District 2","C2",116,"G5200","N",26269902298,303582941,31.7020846,-86.0768417,2,0.106543487,0.983193277,102,102,13,396715.958333,-0.2
"3","0103",146,1,"03","Congressional District 3","C2",116,"G5200","N",19537640555,471223121,33.1505639,-85.7002277,3,-0.723048468,1.267857143,103,103,28,425809,-0.3
"4","0104",148,1,"04","Congressional District 4","C2",116,"G5200","N",23022590138,573214646,34.1181796,-87.2138079,4,-1.64461722,1.211009174,104,104,26,703114.043478,-0.4
"5","0105",147,1,"05","Congressional District 5","C2",116,"G5200","N",9525492193,459955499,34.7552973,-86.7118036,5,0.060961495,0.913907285,105,105,23,196090.636364,-0.4
"6","0106",151,1,"06","Congressional District 6","C2",116,"G5200","N",10803396962,176793844,33.2602125,-86.7134302,6,-0.747860856,1.088235294,106,106,21,827535.568182,-0.4
"7","0107",149,1,"07","Congressional District 7","C2",116,"G5200","N",26301828529,332882012,32.4492349,-87.6405014,7,-0.112629667,0.88,107,107,34,278149.362069,0.4
"8","0200",285,2,"00","Congressional District (at Large)","C1",116,"G5200","N",1478839695958,245481577452,63.347356,-152.8397334,8,-1.313793167,0.659793814,200,200,91,219301.384615,-0.4
"9","0401",357,4,"01","Congressional District 1","C2",116,"G5200","N",142545945366,354110880,34.9710133,-110.7259249,10,-1.149964056,1,401,401,33,711060.021739,0.4
"10","0402",362,4,"02","Congressional District 2","C2",116,"G5200","N",20298527958,138375379,31.9166176,-109.9387277,11,-0.035643457,0.984924623,402,402,8,298041.142857,0.4
"11","0403",358,4,"03","Congressional District 3","C2",116,"G5200","N",40632657178,8409911,32.4223184,-112.4013007,12,-1.459316985,0.896226415,403,403,16,523376.769231,0.4
"12","0404",360,4,"04","Congressional District 4","C2",116,"G5200","N",85987711649,504383238,34.5909175,-113.2045275,13,-1.268929047,1.025773196,404,404,22,157002.085714,-0.4
"13","0405",359,4,"05","Congressional District 5","C2",116,"G5200","N",760073450,2338559,33.3396944,-111.7124237,14,-0.811120293,0.97740113,405,405,5,290023.214286,-0.4
"14","0406",364,4,"06","Congressional District 6","C2",116,"G5200","N",1618660740,11030711,33.6656628,-111.8884711,15,-2.022013711,0.983870968,406,406,8,157238,-0.4
"15","0407",361,4,"07","Congressional District 7","C2",116,"G5200","N",530107625,1651788,33.427819,-112.1187677,16,0.084320352,0.938356164,407,407,3,231527.416667,0.3
"16","0408",365,4,"08","Congressional District 8","C2",116,"G5200","N",1398129833,4067789,33.6955714,-112.2995758,17,-1.074516023,1.033653846,408,408,3,77608.857143,-0.4
"17","0409",363,4,"09","Congressional District 9","C2",116,"G5200","N",426737344,2969348,33.4060068,-111.9499956,18,-0.440422655,0.938202247,409,409,8,296178.263158,0.4
"18","0501",27,5,"01","Congressional District 1","C2",116,"G5200","N",50035558911,1234692466,35.2939086,-91.258306,19,-0.668902119,0.943396226,501,501,37,253372.526316,-0.2
"19","0502",30,5,"02","Congressional District 2","C2",116,"G5200","N",12895640577,302544768,35.0995596,-92.3791565,20,0.319219497,0.97810219,502,502,73,106354.264368,-0.4
"20","0503",28,5,"03","Congressional District 3","C2",116,"G5200","N",13982564687,375776742,36.5005037,-94.6177677,21,-0.712672368,0.993055556,503,503,15,180496.285714,-0.4
"21","0504",29,5,"04","Congressional District 4","C2",116,"G5200","N",57855108552,1049845616,34.2241999,-93.2211129,22,-0.071372696,0.752475248,504,504,57,365168.818182,-0.4
"22","0601",98,6,"01","Congressional District 1","C2",116,"G5200","N",72746795133,1948066307,40.731988,-121.510516,23,-0.661844741,1,601,601,15,112918.888889,-0.4
"23","0602",143,6,"02","Congressional District 2","C2",116,"G5200","N",33546725691,4122024588,40.0940587,-123.4649741,24,0.918035099,0.854545455,602,602,5,452913.176471,0.2
"24","0603",23,6,"03","Congressional District 3","C2",116,"G5200","N",16017117073,456161284,39.0319525,-122.0895732,25,-0.348237793,1.033613445,603,603,26,282646.786885,0.4
"25","0604",124,6,"04","Congressional District 4","C2",116,"G5200","N",33247135324,858297386,37.9824523,-119.9279734,26,-1.055687134,0.946902655,604,604,3,203146.428571,-0.4
"26","0605",57,6,"05","Congressional District 5","C2",116,"G5200","N",4482417000,319288355,38.5157184,-122.4624656,27,1.013235843,0.87037037,605,605,9,748564.130435,0.4
"27","0606",63,6,"06","Congressional District 6","C2",116,"G5200","N",453544934,10601204,38.5940335,-121.4797679,28,0.133140355,0.874074074,606,606,6,114080.888889,0.4
"28","0607",62,6,"07","Congressional District 7","C2",116,"G5200","N",1421720505,13173746,38.4794773,-121.2153712,29,-0.151611831,0.955357143,607,607,2,233897.444444,0.4
"29","0608",84,6,"08","Congressional District 8","C2",116,"G5200","N",85132866565,444227838,35.6625568,-116.8195456,30,-0.514473938,1.136986301,608,608,18,264610.777778,-0.4
"30","0609",126,6,"09","Congressional District 9","C2",116,"G5200","N",3239709844,140669213,38.010406,-121.3065618,31,0.370869376,0.954545455,609,609,20,178319.567568,0.4
"31","0610",26,6,"10","Congressional District 10","C2",116,"G5200","N",4714787480,54084843,37.5863232,-121.0544262,32,-0.649847707,1,610,610,18,86876.481481,0.4
"32","0611",70,6,"11","Congressional District 11","C2",116,"G5200","N",1268371789,101766052,37.9038693,-122.0009326,33,-0.611804497,0.845454545,611,611,27,466574.927273,0.4
"33","0612",118,6,"12","Congressional District 12","C2",116,"G5200","N",100885569,211661576,37.7855141,-122.4340005,34,2.323261465,0.84962406,612,612,6,351406.933333,0.666666666666667
"34","0613",46,6,"13","Congressional District 13","C2",116,"G5200","N",250697049,127168051,37.7789619,-122.2392482,35,1.294063361,0.768421053,613,613,4,424084.692308,0.4
"35","0614",134,6,"14","Congressional District 14","C2",116,"G5200","N",672683232,827165077,37.5748023,-122.4936563,36,0.567568105,0.829787234,614,614,3,59207.1,0.4
"36","0615",15,6,"15","Congressional District 15","C2",116,"G5200","N",1549131567,73625793,37.6571483,-121.8362453,37,0.35059427,0.793814433,615,615,11,151149.675676,0.4
"37","0616",11,6,"16","Congressional District 16","C2",116,"G5200","N",7354826326,118249352,37.1086529,-120.5188666,38,1.51838747,0.918918919,616,616,18,48749.428571,0.4
"38","0617",133,6,"17","Congressional District 17","C2",116,"G5200","N",480149991,21997291,37.4410278,-121.9665776,39,1.444545417,0.826666667,617,617,18,63024.92,0.4
"39","0618",35,6,"18","Congressional District 18","C2",116,"G5200","N",1802693482,330001708,37.2022035,-122.1538063,40,0.026131181,0.894230769,618,618,7,97811.785714,0.3
"40","0619",49,6,"19","Congressional District 19","C2",116,"G5200","N",2372190624,15265440,37.2162355,-121.5290231,41,1.816515139,0.838383838,619,619,4,80429.12,0.2
"41","0620",36,6,"20","Congressional District 20","C2",116,"G5200","N",12626814295,1572235024,36.3732865,-121.2752181,42,0.228133555,1.016949153,620,620,21,140792.826087,0.4
"42","0621",24,6,"21","Congressional District 21","C2",116,"G5200","N",17432430270,33795770,36.0867145,-119.8515001,43,-0.114390365,0.75862069,621,621,53,115162.292929,0.4
"43","0622",125,6,"22","Congressional District 22","C2",116,"G5200","N",3017359454,10371897,36.4768778,-119.3895422,44,-0.652772608,1.078651685,622,622,8,29167,-0.4
"44","0623",83,6,"23","Congressional District 23","C2",116,"G5200","N",25636803430,99793011,35.6106838,-118.5390568,45,-0.374328776,0.908256881,623,623,71,171334.684783,-0.4
"45","0624",58,6,"24","Congressional District 24","C2",116,"G5200","N",17832192315,3684367981,34.9196335,-120.112845,46,0.096036741,0.93258427,624,624,17,68383.470588,0.4
"46","0625",38,6,"25","Congressional District 25","C2",116,"G5200","N",4378863906,30779288,34.588062,-118.2802639,47,0.114858826,1.104651163,625,625,8,128210.705882,0.428571428571429
"47","0626",47,6,"26","Congressional District 26","C2",116,"G5200","N",2431551480,807884720,34.1670228,-119.1299548,48,0.312005135,0.952380952,626,626,14,65129.65,0.4
"48","0627",132,6,"27","Congressional District 27","C2",116,"G5200","N",1812584403,7549848,34.2650833,-117.9348875,49,0.888495009,0.908163265,627,627,4,90210.424242,0.4
"49","0628",97,6,"28","Congressional District 28","C2",116,"G5200","N",565796768,2403435,34.2500576,-118.291452,50,1.224405979,0.814814815,628,628,7,154079.1,0.4
"50","0629",61,6,"29","Congressional District 29","C2",116,"G5200","N",238354217,1621914,34.2666953,-118.4303132,51,1.176643051,0.821428571,629,629,6,163553.9375,0.4
"51","0630",34,6,"30","Congressional District 30","C2",116,"G5200","N",352104835,5012026,34.2018725,-118.546956,52,1.806076182,0.873873874,630,630,1,136891.909091,0.4
"52","0631",22,6,"31","Congressional District 31","C2",116,"G5200","N",566112003,5694100,34.1096748,-117.3533294,53,-0.480455082,0.917431193,631,631,12,88775.125,0.3
"53","0632",43,6,"32","Congressional District 32","C2",116,"G5200","N",321864855,5293443,34.0895637,-117.9141422,54,-0.512850154,0.833333333,632,632,6,74049.611111,0.4
"54","0633",14,6,"33","Congressional District 33","C2",116,"G5200","N",747577389,489486946,34.0465389,-118.9443071,55,1.061402737,0.900990099,633,633,14,460073.9375,0.4
"55","0634",32,6,"34","Congressional District 34","C2",116,"G5200","N",123456560,783650,34.0746549,-118.2282686,56,2.28926883,0.850574713,634,634,4,135475.857143,0.4
"56","0635",45,6,"35","Congressional District 35","C2",116,"G5200","N",437338064,356550,34.0447493,-117.5834632,57,0.575959164,0.927536232,635,635,9,65907.391304,0.4
"57","0636",10,6,"36","Congressional District 36","C2",116,"G5200","N",15312870769,201717828,33.7300127,-115.7393369,58,-0.267349495,1.024590164,636,636,7,98365.25,0.4
"58","0637",13,6,"37","Congressional District 37","C2",116,"G5200","N",143132731,351790,34.0168971,-118.3717636,59,1.520811527,0.845238095,637,637,0,314771.818182,0.4
"59","0638",144,6,"38","Congressional District 38","C2",116,"G5200","N",262655737,3823181,33.9394788,-118.0626041,60,-1.316607038,1.120879121,638,638,3,302264.214286,0.4
"60","0639",64,6,"39","Congressional District 39","C2",116,"G5200","N",531445171,1078797,33.9386493,-117.8258358,61,-0.54345785,1.12371134,639,639,3,66541.318182,0.4
"61","0640",117,6,"40","Congressional District 40","C2",116,"G5200","N",149408223,1743216,33.9698668,-118.1792067,62,0.643738837,1.022222222,640,640,7,316412.709677,0.4
"62","0641",131,6,"41","Congressional District 41","C2",116,"G5200","N",820299648,4159166,33.9180748,-117.2974203,63,1.276004831,0.863157895,641,641,5,81240.518519,0.4
"63","0642",37,6,"42","Congressional District 42","C2",116,"G5200","N",2424595872,44261217,33.679953,-117.2275227,64,-0.242760786,0.947916667,642,642,5,40587.869565,-0.4
"64","0643",44,6,"43","Congressional District 43","C2",116,"G5200","N",186580878,555893,33.9031099,-118.3363034,65,-0.080776783,0.988764045,643,643,2,487259.704545,0.4
"65","0644",48,6,"44","Congressional District 44","C2",116,"G5200","N",205463239,66957266,33.8187502,-118.2509834,66,-1.333548959,0.765957447,644,644,17,422866.923077,0.4
"66","0645",119,6,"45","Congressional District 45","C2",116,"G5200","N",856078764,5161857,33.7142584,-117.6683553,67,0.69662173,1.021052632,645,645,4,90256.4,0.4
"67","0646",12,6,"46","Congressional District 46","C2",116,"G5200","N",187083544,995827,33.790804,-117.8963627,68,-0.458057253,0.868852459,646,646,4,179534.4375,0.4
"68","0647",21,6,"47","Congressional District 47","C2",116,"G5200","N",560123814,1176361929,33.3673364,-118.480709,69,1.108194228,0.961538462,647,647,9,381566.054054,0.4
"69","0648",25,6,"48","Congressional District 48","C2",116,"G5200","N",378015317,281882221,33.6229098,-117.9052749,70,-0.755671327,0.907407407,648,648,3,178506,0.2
"70","0649",56,6,"49","Congressional District 49","C2",116,"G5200","N",1433319197,511621679,33.3147856,-117.3795192,71,1.118527056,0.983606557,649,649,4,87823.933333,0.4
"71","0650",82,6,"50","Congressional District 50","C2",116,"G5200","N",7222573192,40261060,33.1135481,-116.6225898,72,-0.662556958,0.952830189,650,650,10,55942.904762,-0.285714285714286
"72","0651",96,6,"51","Congressional District 51","C2",116,"G5200","N",12410851100,869815412,32.9955751,-115.5255338,73,0.822361956,0.831325301,651,651,16,54909.903226,0.2
"73","0652",33,6,"52","Congressional District 52","C2",116,"G5200","N",691689046,296660721,32.8571989,-117.1653269,74,0.699276783,0.895652174,652,652,12,42726.655172,0.4
"74","0653",20,6,"53","Congressional District 53","C2",116,"G5200","N",352091648,5538110,32.7183139,-117.0314815,75,0.96131487,0.717948718,653,653,5,44735,0.3
"75","0801",249,8,"01","Congressional District 1","C2",116,"G5200","N",491646356,7076638,39.7322859,-104.9087582,76,1.509446279,0.83974359,801,801,136,220391.055556,0.4
"76","0802",254,8,"02","Congressional District 2","C2",116,"G5200","N",19523675148,236595196,40.137084,-105.7090836,77,0.285361524,0.715328467,802,802,12,138205.15625,0.4
"77","0803",250,8,"03","Congressional District 3","C2",116,"G5200","N",128801225235,388259104,38.7432544,-107.3448493,78,-1.599319772,0.9375,803,803,86,277378.697917,-0.4
"78","0804",252,8,"04","Congressional District 4","C2",116,"G5200","N",98683854464,438848484,39.0706831,-103.413853,79,-2.185809413,0.848,804,804,75,167594.351064,-0.4
"79","0805",251,8,"05","Congressional District 5","C2",116,"G5200","N",18818297446,61234902,38.8154076,-105.3441513,80,-0.89608935,0.975757576,805,805,13,368316.846154,-0.4
"80","0806",255,8,"06","Congressional District 6","C2",116,"G5200","N",1227600079,22167724,39.7550881,-104.7653511,81,-0.060077765,0.756756757,806,806,12,220850.329897,0.4
"81","0807",253,8,"07","Congressional District 7","C2",116,"G5200","N",876592983,27439545,39.8266706,-105.0408542,82,-1.232262742,0.926174497,807,807,13,217067.653846,0.4
"82","0901",411,9,"01","Congressional District 1","C2",116,"G5200","N",1749309368,51291912,41.7901515,-73.2011801,83,0.534077988,0.930434783,901,901,16,80095.230769,0.4
"83","0902",415,9,"02","Congressional District 2","C2",116,"G5200","N",5149370200,297591677,41.653687,-72.2065086,84,0.870142202,0.834645669,902,902,17,137426.794118,0.4
"84","0903",412,9,"03","Congressional District 3","C2",116,"G5200","N",1218074496,68693984,41.3856882,-72.8773022,85,1.129468089,0.886227545,903,903,17,242106.52,0.4
"85","0904",413,9,"04","Congressional District 4","C2",116,"G5200","N",1193636603,214325604,41.1968011,-73.3885143,86,0.269117915,0.811881188,904,904,6,308753.6875,0.4
"86","0905",414,9,"05","Congressional District 5","C2",116,"G5200","N",3232106401,88053659,41.6943231,-73.2099985,87,-0.214682956,0.747747748,905,905,3,100486.863636,0.4
"87","09ZZ",416,9,"ZZ","Congressional Districts not defined","00",116,"G5200","F",0,1095660735,41.1666065,-72.8424645,NA,0,0,NA,NA,0,315824.2,NA
"88","1000",316,10,"00","Congressional District (at Large)","C1",116,"G5200","N",5045925646,1399985648,38.9985661,-75.441644,88,-0.159558615,1.009615385,1000,1000,27,257302.134615,0.4
"89","1198",264,11,"98","Delegate District (at Large)","C4",116,"G5200","N",158340391,18687198,38.9041031,-77.017229,NA,0,0,NA,1198,9,52796.666667,NA
"90","1201",335,12,"01","Congressional District 1","C2",116,"G5200","N",10405816127,1919384110,30.6628014,-86.6624661,90,0.868439644,1.059782609,1201,1201,15,598975.15,-0.4
"91","1202",350,12,"02","Congressional District 2","C2",116,"G5200","N",28500909452,4835768335,30.0752566,-84.1792869,91,-0.915634237,1.1875,1202,1202,18,557284.08,-0.4
"92","1203",354,12,"03","Congressional District 3","C2",116,"G5200","N",9232593580,722972427,29.6808028,-82.0478601,92,-0.233116412,1.032432432,1203,1203,16,540197.111111,-0.4
"93","1204",356,12,"04","Congressional District 4","C2",116,"G5200","N",4065983756,1016868324,30.6764384,-82.0505705,93,-0.859326655,0.962264151,1204,1204,14,505975.592593,-0.4
"94","1205",341,12,"05","Congressional District 5","C2",116,"G5200","N",9888522481,239830493,30.4481169,-83.324429,94,0.276429314,0.901960784,1205,1205,15,216659.30303,0.4
"95","1206",339,12,"06","Congressional District 6","C2",116,"G5200","N",5627035258,1318862943,29.1930377,-81.2796011,95,-0.034505642,1.071748879,1206,1206,6,458181.333333,-0.4
"96","1207",336,12,"07","Congressional District 7","C2",116,"G5200","N",1017471375,110917454,28.6870369,-81.2447228,96,0.109291731,0.84375,1207,1207,1,1159689.888889,0.4
"97","1208",347,12,"08","Congressional District 8","C2",116,"G5200","N",4536447256,1710622089,28.1646486,-80.6989059,97,-0.23400421,1.111111111,1208,1208,10,825554.357143,-0.4
"98","1209",155,12,"09","Congressional District 9","C2",116,"G5200","N",5987286333,798928316,28.0353419,-81.2906169,98,1.106778718,1.061452514,1209,1209,15,607031.703704,0.4
"99","1210",355,12,"10","Congressional District 10","C2",116,"G5200","N",1130063436,206005788,28.543829,-81.512865,99,0.66513145,1,1210,1210,5,290625.181818,0.4
"100","1211",344,12,"11","Congressional District 11","C2",116,"G5200","N",6235891832,1243668220,28.7869395,-82.216916,100,-1.436862011,1.151785714,1211,1211,12,593887.166667,-0.4
"101","1212",348,12,"12","Congressional District 12","C2",116,"G5200","N",2223103422,545757465,28.2687095,-82.4918091,101,0.662844347,1,1212,1212,4,331278,-0.4
"102","1213",152,12,"13","Congressional District 13","C2",116,"G5200","N",470709134,640204070,27.8259163,-82.7264422,102,0.953241954,0.917197452,1213,1213,4,655800.6,0.4
"103","1214",340,12,"14","Congressional District 14","C2",116,"G5200","N",714675118,233953834,28.0135308,-82.4864379,103,0.602373142,0.9,1214,1214,6,612878.3125,0.4
"104","1215",345,12,"15","Congressional District 15","C2",116,"G5200","N",2816452665,214478863,28.1969733,-81.9804493,104,0.211480343,0.943502825,1215,1215,10,359907.366667,-0.4
"105","1216",343,12,"16","Congressional District 16","C2",116,"G5200","N",3354277529,954285435,27.5331029,-82.3581552,105,0.089187138,1.042168675,1216,1216,9,888293.904762,0
"106","1217",338,12,"17","Congressional District 17","C2",116,"G5200","N",14437145834,1918872575,27.2327392,-81.5515394,106,0.295952149,1.125,1217,1217,19,574467.545455,-0.4
"107","1218",349,12,"18","Congressional District 18","C2",116,"G5200","N",3913573650,979668133,27.1375365,-80.3816414,107,0.027592797,1.111801242,1218,1218,8,960946.647059,-0.4
"108","1219",156,12,"19","Congressional District 19","C2",116,"G5200","N",1937060134,1603487946,26.4316252,-81.9067678,108,0.685803842,1.038961039,1219,1219,2,644184.333333,0
"109","1220",351,12,"20","Congressional District 20","C2",116,"G5200","N",5592437702,639142009,26.4461298,-80.5869868,109,1.061203738,0.976377953,1220,1220,6,985637.380952,0.2
"110","1221",353,12,"21","Congressional District 21","C2",116,"G5200","N",663696308,250336902,26.5626305,-80.1262451,110,0.643668183,1.043165468,1221,1221,3,1027254.090909,0.4
"111","1222",154,12,"22","Congressional District 22","C2",116,"G5200","N",424130319,254083069,26.2721076,-80.1252119,111,0.915827583,0.840490798,1222,1222,2,653601.6,0.4
"112","1223",346,12,"23","Congressional District 23","C2",116,"G5200","N",484534996,184761814,26.0421375,-80.240928,112,1.328827327,0.982758621,1223,1223,4,662623.8,0.4
"113","1224",342,12,"24","Congressional District 24","C2",116,"G5200","N",265305017,33054938,25.9084664,-80.2109109,113,0.462089625,1.01369863,1224,1224,1,650879.375,0.4
"114","1225",352,12,"25","Congressional District 25","C2",116,"G5200","N",9071589763,452925118,26.204284,-81.2029593,114,1.95207004,0.954022989,1225,1225,10,237908.692308,-0.4
"115","1226",153,12,"26","Congressional District 26","C2",116,"G5200","N",5659121044,7734843990,25.1707427,-81.0952687,115,1.289242847,0.849056604,1226,1226,3,350854,0.4
"116","1227",337,12,"27","Congressional District 27","C2",116,"G5200","N",293302729,597416563,25.6912633,-80.2501523,116,2.044347666,0.771929825,1227,1227,2,394710.75,0.4
"117","1301",112,13,"01","Congressional District 1","C2",116,"G5200","N",21047628166,2075874473,31.3174384,-81.9425449,117,-0.735321175,0.968253968,1301,1301,27,280521.242424,-0.4
"118","1302",100,13,"02","Congressional District 2","C2",116,"G5200","N",24942492103,438955826,31.8162371,-84.4190306,118,-0.427929404,0.93258427,1302,1302,26,117522.585366,0.4
"119","1303",90,13,"03","Congressional District 3","C2",116,"G5200","N",9935874355,215086398,33.1505217,-84.728664,119,-0.226978417,1.089285714,1303,1303,19,508359.870968,-0.4
"120","1304",92,13,"04","Congressional District 4","C2",116,"G5200","N",1287444270,21757037,33.6976377,-84.0514329,120,1.918864016,0.796052632,1304,1304,4,53090.333333,0.4
"121","1305",93,13,"05","Congressional District 5","C2",116,"G5200","N",686276539,5016095,33.7069846,-84.4011185,121,1.536762608,0.924242424,1305,1305,11,435698.388889,0.4
"122","1306",101,13,"06","Congressional District 6","C2",116,"G5200","N",774251171,13986249,34.0130516,-84.3456624,122,0.317256656,0.90647482,1306,1306,1,738149.8,0.4
"123","1307",99,13,"07","Congressional District 7","C2",116,"G5200","N",1017219867,25241077,34.040192,-84.0829587,123,-0.390669439,1.007352941,1307,1307,3,158505.166667,-0.4
"124","1308",123,13,"08","Congressional District 8","C2",116,"G5200","N",22632647889,298759475,31.7798073,-83.4515115,124,-0.308683111,1.027272727,1308,1308,25,453039.918919,-0.4
"125","1309",95,13,"09","Congressional District 9","C2",116,"G5200","N",13498994850,410740104,34.5061129,-83.6870501,125,-1.327608386,1.166666667,1309,1309,13,221947.52381,-0.4
"126","1310",91,13,"10","Congressional District 10","C2",116,"G5200","N",18384949315,459100029,33.4242062,-83.062309,126,-0.712514394,1.055944056,1310,1310,21,486251.75,-0.3
"127","1311",121,13,"11","Congressional District 11","C2",116,"G5200","N",2773103176,70586962,34.1804322,-84.6514936,127,-0.37053333,1.125,1311,1311,9,1098067.777778,-0.1
"128","1312",122,13,"12","Congressional District 12","C2",116,"G5200","N",21267218363,310156061,32.4133308,-82.2238419,128,-0.106567255,1.015503876,1312,1312,14,438149,-0.4
"129","1313",94,13,"13","Congressional District 13","C2",116,"G5200","N",1849961415,25795622,33.6291014,-84.5664533,129,-0.085201563,0.858208955,1313,1313,7,450646.15,0.4
"130","1314",102,13,"14","Congressional District 14","C2",116,"G5200","N",9383986863,51880746,34.4305862,-85.0978762,130,-0.816068731,1.098484848,1314,1314,16,594767.148148,-0.4
"131","1501",221,15,"01","Congressional District 1","C2",116,"G5200","N",541359418,456759507,21.3226396,-157.9059542,131,0.97770282,0.85046729,1501,1501,13,390613.5,0.4
"132","1502",222,15,"02","Congressional District 2","C2",116,"G5200","N",16092630777,11321049519,19.6941634,-156.044344,132,0.871225527,0.743902439,1502,1502,17,267556.533333,0.3
"133","1601",129,16,"01","Congressional District 1","C2",116,"G5200","N",102098265032,1310417824,45.2967502,-116.0358424,133,-2.1107445,0.972067039,1601,1601,14,136583.238095,-0.4
"134","1602",130,16,"02","Congressional District 2","C2",116,"G5200","N",111951522627,1081304733,43.4439256,-113.3642618,134,-0.935684512,0.895833333,1602,1602,39,63429.9,-0.2
"135","1701",5,17,"01","Congressional District 1","C2",116,"G5200","N",669256000,2067510,41.5466708,-87.8357472,135,0.837642439,0.959349593,1701,1701,5,149567.25,0.4
"136","1702",8,17,"02","Congressional District 2","C2",116,"G5200","N",2798736458,25389182,41.2562081,-87.7901148,136,0.433515881,0.846715328,1702,1702,21,409185.72549,0.4
"137","1703",87,17,"03","Congressional District 3","C2",116,"G5200","N",613376406,13496849,41.6789774,-87.8919745,137,0.39900185,0.877358491,1703,1703,9,159892.351351,0.4
"138","1704",89,17,"04","Congressional District 4","C2",116,"G5200","N",135804048,966145,41.886297,-87.920561,138,1.328486394,0.872881356,1704,1704,2,72719.952381,0.4
"139","1705",78,17,"05","Congressional District 5","C2",116,"G5200","N",247592486,1850633,41.9303655,-87.830902,139,0.932839089,0.888888889,1705,1705,4,68430.954545,0.4
"140","1706",86,17,"06","Congressional District 6","C2",116,"G5200","N",980857787,27754091,42.0671182,-88.4044355,140,0.254851041,0.96124031,1706,1706,4,74888.24,0.4
"141","1707",7,17,"07","Congressional District 7","C2",116,"G5200","N",161458448,5341167,41.863332,-87.7321218,141,1.756981182,0.824427481,1707,1707,6,72030.35,0.4
"142","1708",142,17,"08","Congressional District 8","C2",116,"G5200","N",532623690,10394846,42.009662,-88.0966499,142,0.520312064,0.911504425,1708,1708,4,27596.153846,0.4
"143","1709",114,17,"09","Congressional District 9","C2",116,"G5200","N",272986457,1558240,42.0526844,-87.8101853,143,1.017453249,0.827160494,1709,1709,3,42531.307692,0.4
"144","1710",88,17,"10","Congressional District 10","C2",116,"G5200","N",777404163,31605644,42.2800147,-87.9399419,144,1.055311942,0.966101695,1710,1710,11,151842.533333,0.4
"145","1711",113,17,"11","Congressional District 11","C2",116,"G5200","N",725929838,16218367,41.6422523,-88.1474167,145,0.091396474,0.824,1711,1711,12,315427.805556,0.4
"146","1712",141,17,"12","Congressional District 12","C2",116,"G5200","N",12972082875,462200658,37.9933075,-89.4278909,146,0.1154635,0.99047619,1712,1712,35,854848.757576,-0.4
"147","1713",80,17,"13","Congressional District 13","C2",116,"G5200","N",15004637044,216308900,39.5156354,-89.5198424,147,-0.40009903,0.907801418,1713,1713,21,687486.857143,-0.4
"148","1714",65,17,"14","Congressional District 14","C2",116,"G5200","N",4136763949,63294101,42.0255473,-88.4458531,148,0.128425394,0.952,1714,1714,9,232924.173077,0.4
"149","1715",115,17,"15","Congressional District 15","C2",116,"G5200","N",38062630857,353131952,38.9051694,-88.4420793,149,-1.258412153,1,1715,1715,45,754932.714286,-0.4
"150","1716",79,17,"16","Congressional District 16","C2",116,"G5200","N",20503968767,183129836,41.3915234,-88.7991966,150,-0.954938043,0.984375,1716,1716,47,206269.184211,-0.2
"151","1717",85,17,"17","Congressional District 17","C2",116,"G5200","N",17949060604,346793272,41.3894669,-90.2186532,151,-0.082149092,1.073333333,1717,1717,39,395899.39726,0.4
"152","1718",6,17,"18","Congressional District 18","C2",116,"G5200","N",27235396834,383133624,40.2271844,-90.0691183,152,-0.752823729,1.035971223,1718,1718,23,393598.781818,-0.4
"153","17ZZ",81,17,"ZZ","Congressional Districts not defined","00",116,"G5200","F",922,4070189931,41.7736686,-87.5663499,NA,0,0,NA,NA,0,501927.03125,NA
"154","1801",31,18,"01","Congressional District 1","C2",116,"G5200","N",2996055757,625462306,41.4970344,-87.1798166,153,0.335949003,0.941558442,1801,1801,35,881157.769231,0.4
"155","1802",16,18,"02","Congressional District 2","C2",116,"G5200","N",10253189601,131728583,41.2487244,-86.236798,154,-0.599560796,0.974025974,1802,1802,18,352157.034483,-0.4
"156","1803",108,18,"03","Congressional District 3","C2",116,"G5200","N",10826780348,135299678,41.0967951,-85.2362774,155,-0.454238607,1.037267081,1803,1803,20,90406.36,-0.4
"157","1804",110,18,"04","Congressional District 4","C2",116,"G5200","N",16450662934,70295098,40.3810879,-86.8594124,156,-0.01814318,1.171641791,1804,1804,37,340226.9,-0.4
"158","1805",109,18,"05","Congressional District 5","C2",116,"G5200","N",4985326169,40864910,40.2486316,-85.8695988,157,-0.152886506,0.899280576,1805,1805,9,98593,-0.4
"159","1806",18,18,"06","Congressional District 6","C2",116,"G5200","N",16075565107,106706879,39.4752185,-85.3763377,158,-1.313238962,0.968253968,1806,1806,30,804807.367347,-0.4
"160","1807",111,18,"07","Congressional District 7","C2",116,"G5200","N",787296961,4586270,39.7468732,-86.1390065,159,0.907825898,0.845637584,1807,1807,12,128757.857143,0.4
"161","1808",19,18,"08","Congressional District 8","C2",116,"G5200","N",18792335677,278478325,38.7330167,-87.1993471,160,-0.190232774,0.958333333,1808,1808,57,760952.949367,-0.4
"162","1809",17,18,"09","Congressional District 9","C2",116,"G5200","N",11622090122,144580780,38.7829414,-86.2122933,161,0.208550206,1,1809,1809,14,629796.363636,-0.4
"163","1901",42,19,"01","Congressional District 1","C2",116,"G5200","N",31206403219,228600914,42.5273374,-91.8962804,162,-0.131102499,0.841726619,1901,1901,35,225108.222222,0.4
"164","1902",51,19,"02","Congressional District 2","C2",116,"G5200","N",31755572729,434115836,41.2085154,-92.1491879,163,0.393362287,0.864661654,1902,1902,47,408837.775862,0.4
"165","1903",120,19,"03","Congressional District 3","C2",116,"G5200","N",22761240612,156751435,41.2095427,-94.6403809,164,-1.208455959,0.780487805,1903,1903,32,469889.690476,0.4
"166","1904",50,19,"04","Congressional District 4","C2",116,"G5200","N",58938051417,264712627,42.6286385,-94.6450983,165,-0.325143647,1.029850746,1904,1904,61,204921.414286,-0.4
"167","2001",266,20,"01","Congressional District 1","C2",116,"G5200","N",136084023517,594345222,38.731595,-99.4080367,166,-0.682945227,0.978947368,2001,2001,75,176744.321429,-0.3
"168","2002",269,20,"02","Congressional District 2","C2",116,"G5200","N",36633404506,527754544,38.4822777,-95.42464,167,-0.70717841,0.908256881,2002,2002,33,693113.836735,-0.4
"169","2003",267,20,"03","Congressional District 3","C2",116,"G5200","N",1961857340,32787799,38.8950035,-94.7906431,168,-0.689255855,0.991735537,2003,2003,13,116483.789474,0.4
"170","2004",268,20,"04","Congressional District 4","C2",116,"G5200","N",37076058697,189253640,37.5544654,-97.7439831,169,-0.457075888,1.058333333,2004,2004,27,108421.83871,-0.4
"171","2101",137,21,"01","Congressional District 1","C2",116,"G5200","N",31296234250,1221417588,37.0846029,-87.1849382,170,-1.108364568,1.044776119,2101,2101,54,520836.613636,-0.4
"172","2102",103,21,"02","Congressional District 2","C2",116,"G5200","N",18601779924,388832054,37.5446206,-85.9904901,171,-0.574713918,1.106918239,2102,2102,25,822552.5,-0.4
"173","2103",138,21,"03","Congressional District 3","C2",116,"G5200","N",827821298,40946491,38.1894013,-85.6974571,172,0.652371378,1.106557377,2103,2103,22,579274.296296,0.4
"174","2104",140,21,"04","Congressional District 4","C2",116,"G5200","N",11327918358,296600515,38.5689729,-84.4370062,173,-0.785862679,1.13986014,2104,2104,28,821977.661972,-0.4
"175","2105",139,21,"05","Congressional District 5","C2",116,"G5200","N",29096016239,312392707,37.3688281,-83.5218984,174,-2.044655931,1.078534031,2105,2105,31,102216.849057,-0.4
"176","2106",104,21,"06","Congressional District 6","C2",116,"G5200","N",11129720603,115148400,38.0534473,-84.1547782,175,-0.780522848,1.076335878,2106,2106,22,109686.296296,-0.4
"177","2201",105,22,"01","Congressional District 1","C2",116,"G5200","N",10436304503,14398936017,29.636492,-89.905361,176,0.537024513,1.170542636,2201,2201,24,206041.550725,-0.4
"178","2202",40,22,"02","Congressional District 2","C2",116,"G5200","N",3285174126,522407749,30.0467435,-90.5684985,177,0.921317113,0.838983051,2202,2202,83,630760.153226,0.4
"179","2203",106,22,"03","Congressional District 3","C2",116,"G5200","N",18087979520,5594833099,29.9270215,-92.4364185,178,-0.446105375,0.992366412,2203,2203,87,503887.234783,-0.4
"180","2204",39,22,"04","Congressional District 4","C2",116,"G5200","N",32210761600,1106343072,31.7920472,-93.1796062,179,-1.362771324,1.010309278,2204,2204,87,203008.862069,-0.4
"181","2205",107,22,"05","Congressional District 5","C2",116,"G5200","N",37429870551,1118524221,31.7664463,-91.8235236,180,-1.420039149,1.075949367,2205,2205,63,234803.595238,-0.2
"182","2206",41,22,"06","Congressional District 6","C2",116,"G5200","N",10447504074,1012577737,30.2957806,-91.0085262,181,0.219689237,0.973214286,2206,2206,42,644887.853448,-0.4
"183","2301",74,23,"01","Congressional District 1","C2",116,"G5200","N",8512096974,4733548431,43.8460537,-69.9152497,182,-0.018937078,0.88,2301,2301,15,74565.954545,0.4
"184","2302",75,23,"02","Congressional District 2","C2",116,"G5200","N",71375329063,7013001333,45.510001,-69.0853097,183,-0.085278602,0.79558011,2302,2302,20,78732.875,0.4
"185","2401",256,24,"01","Congressional District 1","C2",116,"G5200","N",10301014704,4035802868,38.768471,-75.9588863,184,0.856580139,1.157024793,2401,2401,16,234263.16129,-0.4
"186","2402",261,24,"02","Congressional District 2","C2",116,"G5200","N",902965456,440369386,39.3395186,-76.4287016,185,-0.432977916,0.897435897,2402,2402,13,138103.8125,0.4
"187","2403",257,24,"03","Congressional District 3","C2",116,"G5200","N",788544340,252344417,39.1571515,-76.6766922,186,0.93722144,1.037313433,2403,2403,12,130459.444444,0.4
"188","2404",258,24,"04","Congressional District 4","C2",116,"G5200","N",771403497,48178407,38.7560928,-77.0260243,187,1.41358268,0.873786408,2404,2404,1,140420.153846,0.4
"189","2405",259,24,"05","Congressional District 5","C2",116,"G5200","N",3840096355,2066469028,38.4718173,-76.7120357,188,-0.131509356,0.881889764,2405,2405,12,332886.233333,0.4
"190","2406",262,24,"06","Congressional District 6","C2",116,"G5200","N",5056294339,98039271,39.2881272,-79.4820308,189,0.430312079,0.97810219,2406,2406,15,160237.689655,0.4
"191","2407",260,24,"07","Congressional District 7","C2",116,"G5200","N",1264524922,14715020,39.3407655,-77.1858835,190,1.194286585,0.847826087,2407,2407,7,56660.92,0.333333333333333
"192","2408",263,24,"08","Congressional District 8","C2",116,"G5200","N",2226256667,24048561,39.4222951,-77.2420033,191,0.880711038,1.015151515,2408,2408,6,129029.571429,0.4
"193","2501",272,25,"01","Congressional District 1","C2",116,"G5200","N",6086782031,129713573,42.3310441,-72.8641784,192,0.47760753,0.612903226,2501,2501,20,54407.478261,0.4
"194","2502",277,25,"02","Congressional District 2","C2",116,"G5200","N",4216400306,221866012,42.3850416,-72.1186908,193,-0.105492652,0.67826087,2502,2502,12,106133.5,0.4
"195","2503",273,25,"03","Congressional District 3","C2",116,"G5200","N",1962308222,76095039,42.5895154,-71.5728279,194,0.181985935,0.689655172,2503,2503,10,67102.789474,0.4
"196","2504",275,25,"04","Congressional District 4","C2",116,"G5200","N",1730813070,86329577,41.9972149,-71.2275358,195,0.411452797,0.641791045,2504,2504,14,128016.354167,0.4
"197","2505",274,25,"05","Congressional District 5","C2",116,"G5200","N",686653254,58468410,42.3553663,-71.2984404,196,1.152597315,0.772058824,2505,2505,5,116672.416667,0.4
"198","2506",279,25,"06","Congressional District 6","C2",116,"G5200","N",1364422330,864189658,42.6171124,-70.8853911,197,0.547543591,0.595238095,2506,2506,9,120800.518519,0.4
"199","2507",276,25,"07","Congressional District 7","C2",116,"G5200","N",162433345,97438634,42.3166876,-71.009442,198,0.959720783,0.633802817,2507,2507,15,181214.64,0.2
"200","2508",280,25,"08","Congressional District 8","C2",116,"G5200","N",845455823,447359599,42.1947343,-70.9440053,199,1.010048588,0.682926829,2508,2508,6,155672.571429,0.4
"201","2509",278,25,"09","Congressional District 9","C2",116,"G5200","N",3149856983,5148464984,41.6903601,-70.4943141,200,-0.425218036,0.67768595,2509,2509,9,158400.421053,0.4
"202","2601",223,26,"01","Congressional District 1","C2",116,"G5200","N",64824717641,75782056342,46.1573045,-86.436912,201,-1.488440582,0.963235294,2601,2601,61,157387.30303,-0.4
"203","2602",225,26,"02","Congressional District 2","C2",116,"G5200","N",8644760241,7325050525,43.3975406,-86.3188626,202,-0.149379438,0.898089172,2602,2602,22,448189.666667,-0.4
"204","2603",228,26,"03","Congressional District 3","C2",116,"G5200","N",6811523115,176750939,42.7200275,-85.2372759,203,1.079415184,0.907142857,2603,2603,14,78672.105263,-0.4
"205","2604",231,26,"04","Congressional District 4","C2",116,"G5200","N",21907203534,520053991,43.7315525,-84.7503993,204,-0.747223632,0.837398374,2604,2604,28,199201.238095,-0.4
"206","2605",230,26,"05","Congressional District 5","C2",116,"G5200","N",6083376419,4835570030,43.5744457,-84.1628756,205,-0.488588621,0.935251799,2605,2605,11,394543.315789,0.4
"207","2606",226,26,"06","Congressional District 6","C2",116,"G5200","N",9188279377,4065852264,42.1640521,-86.1560519,206,0.135110304,0.848484848,2606,2606,15,289013.69697,0
"208","2607",224,26,"07","Congressional District 7","C2",116,"G5200","N",10950537365,526028591,42.0936084,-84.3049549,207,-0.001686002,0.951612903,2607,2607,26,459578.087719,-0.3
"209","2608",237,26,"08","Congressional District 8","C2",116,"G5200","N",3893134359,99556198,42.647773,-83.9453541,208,-0.282339241,0.773049645,2608,2608,9,94591.407407,0.4
"210","2609",235,26,"09","Congressional District 9","C2",116,"G5200","N",475771461,13240065,42.5296604,-83.0547224,209,0.46412191,0.911764706,2609,2609,6,37978.666667,0.4
"211","2610",229,26,"10","Congressional District 10","C2",116,"G5200","N",10732439902,5435442796,43.4559041,-82.8824074,210,-0.251316279,0.89516129,2610,2610,26,396225.290323,-0.3
"212","2611",234,26,"11","Congressional District 11","C2",116,"G5200","N",1085687168,55726229,42.5300018,-83.4539962,211,-0.265616174,0.893203883,2611,2611,13,49271.787879,0.4
"213","2612",236,26,"12","Congressional District 12","C2",116,"G5200","N",1044264730,71968024,42.2053809,-83.4470432,212,1.350340475,0.828571429,2612,2612,17,410638.485714,0.4
"214","2613",232,26,"13","Congressional District 13","C2",116,"G5200","N",478918323,5374636,42.3513749,-83.4300532,213,1.280000321,0.795918367,2613,2613,16,347844.305556,0.2
"215","2614",227,26,"14","Congressional District 14","C2",116,"G5200","N",480339355,97940449,42.5612521,-83.438725,214,0.476234508,0.865979381,2614,2614,4,315566.947368,0.4
"216","26ZZ",233,26,"ZZ","Congressional Districts not defined","00",116,"G5200","F",0,4875244623,42.498499,-82.871962,NA,0,0,NA,NA,0,606283.333333,NA
"217","2701",52,27,"01","Congressional District 1","C2",116,"G5200","N",31013342671,540782812,43.8989394,-93.7117418,215,-0.663846601,0.912087912,2701,2701,37,113732.555556,-0.4
"218","2702",2,27,"02","Congressional District 2","C2",116,"G5200","N",6314464923,243358361,44.478968,-92.8530418,216,-0.703351868,1.018691589,2702,2702,19,319017.277778,0.4
"219","2703",53,27,"03","Congressional District 3","C2",116,"G5200","N",1365425974,144398952,44.9958803,-93.5286204,217,-0.097560194,0.866071429,2703,2703,8,115127.714286,0.4
"220","2704",54,27,"04","Congressional District 4","C2",116,"G5200","N",861318818,84495478,45.0027128,-92.9773663,218,0.929796185,0.847222222,2704,2704,9,403900.068966,0.4
"221","2705",55,27,"05","Congressional District 5","C2",116,"G5200","N",351540886,16573581,44.9809623,-93.2941451,219,0.78780947,0.769662921,2705,2705,11,189471.4,0.3
"222","2706",3,27,"06","Congressional District 6","C2",116,"G5200","N",7460634590,408723230,45.3368069,-93.8520551,220,-0.637954006,1.093457944,2706,2706,8,1022884.153846,-0.4
"223","2707",1,27,"07","Congressional District 7","C2",116,"G5200","N",86580712408,5058381039,46.5530202,-95.6759048,221,-1.084621307,0.950980392,2707,2707,37,161073.431373,0.4
"224","2708",4,27,"08","Congressional District 8","C2",116,"G5200","N",72281499178,12448503736,47.250337,-92.9638699,222,-1.148502322,1.064220183,2708,2708,32,265278.166667,-0.4
"225","2801",165,28,"01","Congressional District 1","C2",116,"G5200","N",27384113095,408680692,34.1975177,-89.0035117,223,-1.523255099,0.980392157,2801,2801,29,399565.073171,-0.4
"226","2802",168,28,"02","Congressional District 2","C2",116,"G5200","N",40281155435,958174343,33.178215,-90.3514005,224,-0.719205609,1,2802,2802,33,222295.886792,0.1
"227","2803",166,28,"03","Congressional District 3","C2",116,"G5200","N",33034077391,341749292,32.0149304,-89.7405887,225,-1.483674523,1.196078431,2803,2803,38,121843.055556,-0.4
"228","2804",167,28,"04","Congressional District 4","C2",116,"G5200","N",20834173560,2218315431,30.9941864,-89.0903341,226,-2.532009435,1.016806723,2804,2804,33,365446.119048,-0.4
"229","2901",157,29,"01","Congressional District 1","C2",116,"G5200","N",582542737,28225242,38.728386,-90.2962282,227,0.722776353,0.826666667,2901,2901,12,452993.413793,0.4
"230","2902",162,29,"02","Congressional District 2","C2",116,"G5200","N",1206284592,37571451,38.6029696,-90.5323369,228,0.303924113,0.953488372,2902,2902,4,79972.571429,-0.1
"231","2903",158,29,"03","Congressional District 3","C2",116,"G5200","N",17745526082,368043248,38.5781714,-91.563185,229,-1.321618055,1.044585987,2903,2903,10,891618.241379,-0.2
"232","2904",160,29,"04","Congressional District 4","C2",116,"G5200","N",37312032695,744247785,38.2824253,-93.3189947,230,-0.747632967,1.056179775,2904,2904,21,530381.242424,-0.4
"233","2905",159,29,"05","Congressional District 5","C2",116,"G5200","N",6281461429,89873789,39.141446,-93.7839363,231,-0.370836553,0.823232323,2905,2905,20,167141.735294,0.4
"234","2906",163,29,"06","Congressional District 6","C2",116,"G5200","N",47132969024,528128323,39.9480143,-93.2935421,232,-1.410926254,1.268965517,2906,2906,28,508906.377049,-0.2
"235","2907",161,29,"07","Congressional District 7","C2",116,"G5200","N",16246587078,248542030,36.9910613,-93.7063517,233,0.040141875,1.138211382,2907,2907,15,293915.375,-0.2
"236","2908",164,29,"08","Congressional District 8","C2",116,"G5200","N",51543398547,444793592,37.1941281,-90.9345152,234,-2.283349547,1.093023256,2908,2908,26,668900.394737,-0.4
"237","3000",417,30,"00","Congressional District (at Large)","C1",116,"G5200","N",376962738765,3869208832,47.0511771,-109.6348174,235,-0.615577051,0.852,3000,3000,50,395811.8,-0.4
"238","3101",9,31,"01","Congressional District 1","C2",116,"G5200","N",22995959831,249898247,41.3744593,-96.8286623,236,0.009708432,1.0390625,3101,3101,29,587021.7,-0.4
"239","3102",60,31,"02","Congressional District 2","C2",116,"G5200","N",1312946783,50712484,41.228622,-96.160905,237,0.887754977,0.816666667,3102,3102,10,739711.875,-0.4
"240","3103",59,31,"03","Congressional District 3","C2",116,"G5200","N",174647751781,1071218403,41.539473,-100.2229693,238,-2.33386709,1.025641026,3103,3103,47,458651.222222,-0.4
"241","3201",180,32,"01","Congressional District 1","C2",116,"G5200","N",270624142,16683,36.1335429,-115.1515423,239,0.48274503,0.909722222,3201,3201,11,117729.75,0.2
"242","3202",183,32,"02","Congressional District 2","C2",116,"G5200","N",144597477514,1315874075,40.6511506,-117.3296838,240,-1.613396378,1.044025157,3202,3202,14,457875.2,-0.4
"243","3203",181,32,"03","Congressional District 3","C2",116,"G5200","N",7378700260,102791046,35.6631939,-115.1539667,241,0.212770273,0.949044586,3203,3203,10,147771.222222,0.4
"244","3204",182,32,"04","Congressional District 4","C2",116,"G5200","N",132082704554,628524268,38.0856467,-116.0264961,242,-0.432808036,0.962025316,3204,3204,16,273841.40625,0.4
"245","3301",308,33,"01","Congressional District 1","C2",116,"G5200","N",6384522070,625111184,43.4647305,-71.2001774,243,0.185131877,0.705882353,3301,3301,11,145874.277778,0.4
"246","3302",309,33,"02","Congressional District 2","C2",116,"G5200","N",16804891096,401564064,43.7641775,-71.7213985,244,-0.220442911,0.676691729,3302,3302,10,123348.894737,0.4
"247","3401",169,34,"01","Congressional District 1","C2",116,"G5200","N",907100845,51162830,39.7919748,-75.055921,245,0.909479742,0.838028169,3401,3401,15,301975.765957,0.4
"248","3402",175,34,"02","Congressional District 2","C2",116,"G5200","N",5423847467,2034703850,39.3932996,-74.9072568,246,0.177313926,1.00877193,3402,3402,32,246101.705882,0.4
"249","3403",170,34,"03","Congressional District 3","C2",116,"G5200","N",2326832991,618205570,39.898974,-74.4763431,247,1.274825523,1.038461538,3403,3403,6,176045.217391,0.4
"250","3404",172,34,"04","Congressional District 4","C2",116,"G5200","N",1789674324,49701555,40.1650024,-74.3169967,248,1.130787809,1,3404,3404,7,216998.578947,-0.2
"251","3405",173,34,"05","Congressional District 5","C2",116,"G5200","N",2568439490,83673745,40.9738214,-75.134211,249,1.222292056,1,3405,3405,6,111558.59375,0.4
"252","3406",178,34,"06","Congressional District 6","C2",116,"G5200","N",557571516,503799396,40.3465672,-74.2150836,250,-0.014522308,0.971223022,3406,3406,12,437361.060606,0.4
"253","3407",174,34,"07","Congressional District 7","C2",116,"G5200","N",2512156343,47085986,40.6317476,-74.7895041,251,-0.747318372,1.064220183,3407,3407,8,346806.02381,0.4
"254","3408",248,34,"08","Congressional District 8","C2",116,"G5200","N",141495250,38082761,40.7239266,-74.1064956,252,1.750199158,0.795180723,3408,3408,8,367043.184615,0.3
"255","3409",176,34,"09","Congressional District 9","C2",116,"G5200","N",246870811,19480622,40.8607823,-74.0738236,253,0.986631548,0.939130435,3409,3409,5,270671.153846,0.4
"256","3410",171,34,"10","Congressional District 10","C2",116,"G5200","N",196397289,12474852,40.7089641,-74.2090452,254,2.162880716,0.888888889,3410,3410,14,361798.692308,0.4
"257","3411",177,34,"11","Congressional District 11","C2",116,"G5200","N",1310058632,67984687,40.9020187,-74.450539,255,1.048826535,0.889705882,3411,3411,5,123326.074074,0.3
"258","3412",179,34,"12","Congressional District 12","C2",116,"G5200","N",1067381022,18504392,40.3742188,-74.574055,256,0.110953917,0.991735537,3412,3412,7,239862.878788,0.4
"259","3501",404,35,"01","Congressional District 1","C2",116,"G5200","N",11916434922,16504856,34.7717346,-106.0514021,257,-0.098688272,0.8375,3501,3501,10,89206.384615,0.4
"260","3502",406,35,"02","Congressional District 2","C2",116,"G5200","N",185821089696,408588014,33.3852613,-106.2994424,258,0.029088988,0.942622951,3502,3502,68,152075.87234,0.4
"261","3503",405,35,"03","Congressional District 3","C2",116,"G5200","N",116458781783,303683653,36.0098523,-105.831857,259,0.106563247,0.75862069,3503,3503,64,289247.743902,0.4
"262","3601",418,36,"01","Congressional District 1","C2",116,"G5200","N",1684100500,3359339217,40.983872,-72.549515,260,0.391643779,0.9375,3601,3601,11,168055.722222,-0.4
"263","3602",433,36,"02","Congressional District 2","C2",116,"G5200","N",470068839,375364727,40.685327,-73.2884424,261,1.943775267,0.950980392,3602,3602,7,84893.47619,-0.4
"264","3603",436,36,"03","Congressional District 3","C2",116,"G5200","N",660259920,301922153,40.8604959,-73.5053788,262,0.765854074,0.718309859,3603,3603,10,182119.225,0.4
"265","3604",439,36,"04","Congressional District 4","C2",116,"G5200","N",286752056,168713321,40.6369483,-73.6059099,263,1.871388077,0.949494949,3604,3604,7,126496.368421,0.4
"266","3605",424,36,"05","Congressional District 5","C2",116,"G5200","N",134550083,184506173,40.5965625,-73.8272118,264,1.09287391,0.99,3605,3605,5,231872.947368,0.4
"267","3606",423,36,"06","Congressional District 6","C2",116,"G5200","N",77166993,711425,40.7348618,-73.8234555,265,2.132352742,0.824324324,3606,3606,0,269955.972973,0.4
"268","3607",419,36,"07","Congressional District 7","C2",116,"G5200","N",41801517,2679582,40.6441825,-74.0259596,266,2.379283964,0.819277108,3607,3607,5,265877.538462,0.4
"269","3608",430,36,"08","Congressional District 8","C2",116,"G5200","N",73598441,48115635,40.621438,-73.9110774,267,1.483940559,0.877192982,3608,3608,5,293623.685714,0.4
"270","3609",443,36,"09","Congressional District 9","C2",116,"G5200","N",40269800,499820,40.6421839,-73.9472006,268,1.348482261,0.845360825,3609,3609,0,252055.5,0.4
"271","3610",438,36,"10","Congressional District 10","C2",116,"G5200","N",36381172,23227075,40.7032066,-74.0063421,269,2.78828164,0.872340426,3610,3610,4,300889.311111,0.4
"272","3611",427,36,"11","Congressional District 11","C2",116,"G5200","N",168159647,128599122,40.5669743,-74.1263136,270,1.440251154,1.051724138,3611,3611,5,341830.9375,0.4
"273","3612",431,36,"12","Congressional District 12","C2",116,"G5200","N",38311782,7282924,40.7510262,-73.9504201,271,3.010884915,0.961832061,3612,3612,9,275928.675,0.4
"274","3613",440,36,"13","Congressional District 13","C2",116,"G5200","N",26316818,7203018,40.8388622,-73.9329821,272,2.743799867,0.844827586,3613,3613,3,324013.818182,0.4
"275","3614",422,36,"14","Congressional District 14","C2",116,"G5200","N",73747625,39239213,40.8097822,-73.8370035,273,0.366500717,0.901408451,3614,3614,8,252357.794872,0.2
"276","3615",428,36,"15","Congressional District 15","C2",116,"G5200","N",37598152,6263939,40.8240306,-73.8911626,274,2.449401263,0.95,3615,3615,4,320931.1,0.3
"277","3616",426,36,"16","Congressional District 16","C2",116,"G5200","N",202964844,76413628,40.9397352,-73.791088,275,1.251066953,0.989010989,3616,3616,2,202853.909091,0.4
"278","3617",421,36,"17","Congressional District 17","C2",116,"G5200","N",990764875,149861991,41.1595319,-73.9193555,276,1.240398759,0.991150442,3617,3617,7,86650.333333,0.3
"279","3618",432,36,"18","Congressional District 18","C2",116,"G5200","N",3507230759,160314432,41.4116573,-74.0809815,277,-0.291461569,0.81981982,3618,3618,14,133370.45,0.4
"280","3619",444,36,"19","Congressional District 19","C2",116,"G5200","N",20556741403,430632551,42.2278105,-74.4256329,278,0.34559421,0.963302752,3619,3619,11,228130.606061,0.4
"281","3620",434,36,"20","Congressional District 20","C2",116,"G5200","N",3189390408,81932864,42.7488819,-73.9883663,279,1.316117246,0.874285714,3620,3620,17,214852.5,0.4
"282","3621",437,36,"21","Congressional District 21","C2",116,"G5200","N",39144919489,3341979801,44.0083839,-74.6092313,280,1.279216409,0.885714286,3621,3621,27,62194.0625,0.2
"283","3622",442,36,"22","Congressional District 22","C2",116,"G5200","N",13150495474,386868974,42.8706939,-75.6626641,281,0.714392381,0.870503597,3622,3622,17,105208.458333,0.4
"284","3623",429,36,"23","Congressional District 23","C2",116,"G5200","N",19092721663,1602345774,42.344244,-77.8458079,282,0.225529538,1.031847134,3623,3623,24,58207.882353,-0.2
"285","3624",425,36,"24","Congressional District 24","C2",116,"G5200","N",6186361793,3271968550,43.2103194,-76.6480936,283,-0.040669668,1.013071895,3624,3624,22,143482.76,-0.2
"286","3625",435,36,"25","Congressional District 25","C2",116,"G5200","N",1321096008,1831993802,43.3233952,-77.715489,284,0.924455017,0.892307692,3625,3625,9,90654.8,0.4
"287","3626",441,36,"26","Congressional District 26","C2",116,"G5200","N",567624846,35592405,42.9618255,-78.8409831,285,0.035740885,0.821052632,3626,3626,15,71630.684211,0.4
"288","3627",420,36,"27","Congressional District 27","C2",116,"G5200","N",10289754856,3223422579,43.0008504,-78.3168825,286,-0.376554634,0.921568627,3627,3627,16,71746.911765,-0.4
"289","3701",295,37,"01","Congressional District 1","C2",116,"G5200","N",15206281725,526676361,36.1462572,-77.5228846,287,-0.37965859,0.946902655,3701,3701,18,139035.653846,0.4
"290","3702",297,37,"02","Congressional District 2","C2",116,"G5200","N",6988623688,95720327,35.7612489,-78.4067725,288,0.219771115,0.918238994,3702,3702,5,37757.8,-0.4
"291","3703",299,37,"03","Congressional District 3","C2",116,"G5200","N",18692480370,10738328614,35.4469667,-76.6052861,289,-1.37934886,0.863247863,3703,3703,9,77573.636364,-0.333333333333333
"292","3704",301,37,"04","Congressional District 4","C2",116,"G5200","N",1896794144,18220198,35.9111759,-79.2661257,290,0.716536358,0.725490196,3704,3704,10,57739.5,0.4
"293","3705",302,37,"05","Congressional District 5","C2",116,"G5200","N",10279829942,80959022,36.2653335,-80.9797738,291,-1.249578753,0.925373134,3705,3705,9,556806.5,-0.4
"294","3706",298,37,"06","Congressional District 6","C2",116,"G5200","N",10128826240,209232379,36.0145377,-79.4722399,292,-0.160523291,1.014492754,3706,3706,19,623050.566667,-0.4
"295","3707",296,37,"07","Congressional District 7","C2",116,"G5200","N",15397320259,1127451539,34.6426108,-78.2110747,293,-0.130208521,0.845528455,3707,3707,16,350822.277778,-0.4
"296","3708",306,37,"08","Congressional District 8","C2",116,"G5200","N",7650443230,123254406,35.2956105,-79.7801656,294,-0.265964952,1.022556391,3708,3708,10,189228.24,-0.3
"297","3709",305,37,"09","Congressional District 9","C2",116,"G5200","N",10035418040,85881092,34.8530785,-79.5357,295,0.099791797,0.884615385,3709,3709,22,220015.1,-0.4
"298","3710",300,37,"10","Congressional District 10","C2",116,"G5200","N",6708434281,107723252,35.4391869,-81.6293598,296,-1.502766186,1.108695652,3710,3710,16,603916.033333,-0.4
"299","3711",304,37,"11","Congressional District 11","C2",116,"G5200","N",17106622133,190956833,35.5214138,-82.8102435,297,-0.362537689,1,3711,3711,9,278857.777778,-0.444444444444444
"300","3712",307,37,"12","Congressional District 12","C2",116,"G5200","N",1087729587,56176119,35.2737407,-80.8560069,298,0.891059564,0.803149606,3712,3712,5,133340.133333,0.2
"301","3713",303,37,"13","Congressional District 13","C2",116,"G5200","N",4744852425,105491253,35.8477068,-80.450929,299,-0.382888841,0.93081761,3713,3713,17,515382.869565,-0.4
"302","3800",193,38,"00","Congressional District (at Large)","C1",116,"G5200","N",178707534813,4403267548,47.442174,-100.4608258,300,-1.078483477,0.745098039,3800,3800,75,559294.175,-0.4
"303","3901",196,39,"01","Congressional District 1","C2",116,"G5200","N",1779110527,26793491,39.3360198,-84.3468497,301,-0.035290884,0.916083916,3901,3901,20,496630.444444,-0.4
"304","3902",198,39,"02","Congressional District 2","C2",116,"G5200","N",8344038308,77170483,39.0188676,-83.5519463,302,0.102132793,0.986666667,3902,3902,14,375558.918919,-0.4
"305","3903",201,39,"03","Congressional District 3","C2",116,"G5200","N",590732885,11274048,39.9662072,-82.947495,303,0.361082426,1.029761905,3903,3903,5,75374.111111,0.3
"306","3904",203,39,"04","Congressional District 4","C2",116,"G5200","N",12083214953,121559316,40.5169844,-84.5754759,304,-0.332852538,0.961538462,3904,3904,36,170243.716981,-0.4
"307","3905",204,39,"05","Congressional District 5","C2",116,"G5200","N",14571716547,73249833,41.155751,-84.0447886,305,-0.326091534,1,3905,3905,30,225672.672727,-0.4
"308","3906",200,39,"06","Congressional District 6","C2",116,"G5200","N",18685702709,202816758,39.7714087,-81.575039,306,-0.719238619,0.889655172,3906,3906,78,522586.401274,-0.4
"309","3907",197,39,"07","Congressional District 7","C2",116,"G5200","N",10009974812,64567382,40.7432753,-82.467001,307,-1.024802412,1.007042254,3907,3907,23,167109.895833,-0.4
"310","3908",210,39,"08","Congressional District 8","C2",116,"G5200","N",6344114806,42726671,39.8995752,-84.1608314,308,-0.084484163,0.928,3908,3908,21,261576.444444,-0.4
"311","3909",209,39,"09","Congressional District 9","C2",116,"G5200","N",1202130654,4313138940,41.4032532,-82.5481185,309,0.456434777,0.804878049,3909,3909,22,583086.244898,0.4
"312","3910",202,39,"10","Congressional District 10","C2",116,"G5200","N",2925748848,15947647,39.7013631,-83.9586972,310,0.070967157,1.006369427,3910,3910,13,287741.521739,-0.4
"313","3911",208,39,"11","Congressional District 11","C2",116,"G5200","N",633380874,1310812208,41.6137949,-81.5277187,311,1.989963658,0.887323944,3911,3911,18,197637.285714,0.2
"314","3912",211,39,"12","Congressional District 12","C2",116,"G5200","N",5884212463,76786970,40.239323,-82.6136769,312,-0.045017653,0.837837838,3912,3912,8,142647.238095,-0.4
"315","3913",206,39,"13","Congressional District 13","C2",116,"G5200","N",2315287784,70792303,41.1496303,-80.9786969,313,-0.609765894,0.866336634,3913,3913,14,132603.269231,0.4
"316","3914",199,39,"14","Congressional District 14","C2",116,"G5200","N",5064219099,3730283485,41.7511641,-81.0194752,314,-0.960315025,0.993197279,3914,3914,15,179879.59375,-0.4
"317","3915",207,39,"15","Congressional District 15","C2",116,"G5200","N",12273402700,99789977,39.5778602,-82.7562053,315,-0.213101743,1.074829932,3915,3915,27,189035.465116,-0.4
"318","3916",205,39,"16","Congressional District 16","C2",116,"G5200","N",3121894599,31141190,40.9821546,-81.7406039,316,-0.515398189,1.007194245,3916,3916,10,202291.571429,-0.4
"319","4001",311,40,"01","Congressional District 1","C2",116,"G5200","N",4226245201,143292945,36.2117411,-95.7895823,317,-0.889069584,1.18699187,4001,4001,106,261574.87931,-0.4
"320","4002",315,40,"02","Congressional District 2","C2",116,"G5200","N",54380759715,1949952135,35.1433031,-95.4417722,318,-1.341518538,1.081818182,4002,4002,71,310624.368421,-0.4
"321","4003",312,40,"03","Congressional District 3","C2",116,"G5200","N",88361609694,814268800,36.1070688,-98.8397654,319,-0.574127407,1.12195122,4003,4003,103,155191.308057,-0.4
"322","4004",314,40,"04","Congressional District 4","C2",116,"G5200","N",25322931466,408016815,34.5865916,-97.7501307,320,-0.274347969,0.940677966,4004,4004,49,165150.205128,-0.4
"323","4005",313,40,"05","Congressional District 5","C2",116,"G5200","N",5371379647,59057302,35.3078792,-96.9896037,321,-0.477677469,0.987261146,4005,4005,118,205639.643939,0.4
"324","4101",71,41,"01","Congressional District 1","C2",116,"G5200","N",7786815748,771013213,45.7211995,-123.3412706,322,0.041168917,0.781914894,4101,4101,17,152902.181818,0.4
"325","4102",136,41,"02","Congressional District 2","C2",116,"G5200","N",179860346814,1904150525,43.8374944,-119.5968497,323,-1.156165901,1.06875,4102,4102,28,361814.90625,-0.4
"326","4103",72,41,"03","Congressional District 3","C2",116,"G5200","N",2782871083,82267862,45.3899979,-122.1990897,324,0.962621677,0.824742268,4103,4103,9,68593.52381,0.4
"327","4104",135,41,"04","Congressional District 4","C2",116,"G5200","N",44737320075,2227417158,43.4720025,-123.2731321,325,-0.466801912,0.87434555,4104,4104,11,31589.538462,0.4
"328","4105",73,41,"05","Congressional District 5","C2",116,"G5200","N",13439639550,1207538177,45.0283647,-123.1951639,326,-0.76538777,0.913669065,4105,4105,9,45186.052632,0.4
"329","4201",317,42,"01","Congressional District 1","C2",116,"G5200","N",1653701106,45137458,40.3320537,-75.1134194,327,0.112968669,0.953125,4201,4201,6,221560.962963,0.4
"330","4202",320,42,"02","Congressional District 2","C2",116,"G5200","N",162453180,8537703,40.0464237,-75.0596773,328,1.171911317,0.940298507,4202,4202,5,168404.4,0.4
"331","4203",324,42,"03","Congressional District 3","C2",116,"G5200","N",136667590,4710201,40.0043086,-75.1988949,329,2.301592275,0.826086957,4203,4203,6,258955.777778,0.4
"332","4204",326,42,"04","Congressional District 4","C2",116,"G5200","N",1235183943,11540873,40.2208,-75.3931649,330,0.147122788,1.060606061,4204,4204,10,156695.285714,0.4
"333","4205",327,42,"05","Congressional District 5","C2",116,"G5200","N",548506604,26310378,39.9205219,-75.3752409,331,0.672406803,1.081632653,4205,4205,13,299770.914894,0.4
"334","4206",323,42,"06","Congressional District 6","C2",116,"G5200","N",2364178671,27871337,40.0240029,-75.7762972,332,0.731510789,1.115384615,4206,4206,12,191076.6,0.4
"335","4207",319,42,"07","Congressional District 7","C2",116,"G5200","N",2218699034,30474030,40.725806,-75.4268756,333,-0.402486604,1.026315789,4207,4207,17,256478.4,0.4
"336","4208",334,42,"08","Congressional District 8","C2",116,"G5200","N",6908014567,177265662,41.3644747,-75.4046788,334,-0.045556669,1.152439024,4208,4208,9,202224.583333,0.4
"337","4209",331,42,"09","Congressional District 9","C2",116,"G5200","N",8533246423,92317194,40.778673,-76.1602212,335,-0.620540168,1.118644068,4209,4209,33,297612.5,-0.4
"338","4210",325,42,"10","Congressional District 10","C2",116,"G5200","N",2797655453,100518003,40.2624086,-76.8578762,336,-0.119421107,1,4210,4210,15,191937,-0.4
"339","4211",330,42,"11","Congressional District 11","C2",116,"G5200","N",3892576264,113349199,39.9707441,-76.3980211,337,-0.661464141,1.091428571,4211,4211,12,301442.25,-0.4
"340","4212",333,42,"12","Congressional District 12","C2",116,"G5200","N",25629897859,242921113,41.3438824,-77.0552624,338,-1.644526426,1.109195402,4212,4212,81,115020.795918,-0.25
"341","4213",329,42,"13","Congressional District 13","C2",116,"G5200","N",15591714852,92403236,40.1031549,-78.2624436,339,-1.004719665,1.234285714,4213,4213,19,581803.690476,-0.4
"342","4214",322,42,"14","Congressional District 14","C2",116,"G5200","N",7375851296,52399122,40.0761735,-79.9247819,340,-1.38374862,1.087719298,4214,4214,66,321255.53719,-0.4
"343","4215",332,42,"15","Congressional District 15","C2",116,"G5200","N",25214872952,223499582,41.2108534,-78.9103277,341,-0.212851756,1.087136929,4215,4215,65,470477.829268,-0.4
"344","4216",328,42,"16","Congressional District 16","C2",116,"G5200","N",8576674591,2083865765,41.6326383,-80.136568,342,-0.668565085,1.103448276,4216,4216,26,164592.581395,-0.4
"345","4217",321,42,"17","Congressional District 17","C2",116,"G5200","N",2286845543,41571090,40.6087613,-80.1871263,343,0.046009965,1.151315789,4217,4217,43,139404.214286,0.4
"346","4218",318,42,"18","Congressional District 18","C2",116,"G5200","N",757702393,19898044,40.3711995,-79.8989312,344,1.252623403,1.005376344,4218,4218,29,168187.357143,0.4
"347","4401",402,44,"01","Congressional District 1","C2",116,"G5200","N",695578890,628693637,41.6306771,-71.3286718,345,1.540435555,0.75,4401,4401,6,225367.714286,0.4
"348","4402",403,44,"02","Congressional District 2","C2",116,"G5200","N",1982201012,694976850,41.5696012,-71.6155143,346,1.576640313,0.547619048,4402,4402,7,336638.133333,0.4
"349","4501",184,45,"01","Congressional District 1","C2",116,"G5200","N",4013544852,2196569453,32.7140628,-80.1606245,347,0.119020958,0.793650794,4501,4501,8,599213.454545,0.4
"350","4502",189,45,"02","Congressional District 2","C2",116,"G5200","N",7827497984,225271436,33.633062,-81.3792888,348,0.004876487,0.791366906,4502,4502,18,196267.428571,-0.4
"351","4503",185,45,"03","Congressional District 3","C2",116,"G5200","N",13646022171,518916989,34.3577435,-82.3312067,349,-0.372209116,1.188679245,4503,4503,12,257732.173913,-0.4
"352","4504",186,45,"04","Congressional District 4","C2",116,"G5200","N",3364459766,44729109,34.9417009,-82.1701563,350,-1.730756162,1.102362205,4504,4504,12,44698.466667,-0.2
"353","4505",187,45,"05","Congressional District 5","C2",116,"G5200","N",14260689226,265732852,34.5302283,-81.0109378,351,-0.511539071,0.93495935,4505,4505,17,369332.5625,-0.3
"354","4506",190,45,"06","Congressional District 6","C2",116,"G5200","N",20883129406,865071998,33.208208,-80.5239865,352,1.138995312,0.808080808,4506,4506,33,441631.793651,0.4
"355","4507",188,45,"07","Congressional District 7","C2",116,"G5200","N",13869575083,958926941,34.0834783,-79.4988485,353,0.97191793,1.042253521,4507,4507,16,332968.526316,-0.4
"356","4600",270,46,"00","Congressional District (at Large)","C1",116,"G5200","N",196346981786,3382720225,44.4467957,-100.2381762,354,-1.454907973,1.068027211,4600,4600,43,150276.583333,-0.4
"357","4701",66,47,"01","Congressional District 1","C2",116,"G5200","N",10730877769,204163863,36.2125013,-82.799917,355,-1.037810538,1.111731844,4701,4701,16,375686.833333,-0.4
"358","4702",77,47,"02","Congressional District 2","C2",116,"G5200","N",6013499673,278544192,36.0503605,-83.8211884,356,-0.568049352,0.888235294,4702,4702,11,194963,-0.4
"359","4703",67,47,"03","Congressional District 3","C2",116,"G5200","N",11837064719,372167533,35.7616459,-84.5094443,357,-1.038992011,0.984251969,4703,4703,23,291400.967742,-0.4
"360","4704",69,47,"04","Congressional District 4","C2",116,"G5200","N",15500357323,242150169,35.5358725,-87.2770081,358,-0.749527254,0.950920245,4704,4704,17,98823.735294,-0.3
"361","4705",68,47,"05","Congressional District 5","C2",116,"G5200","N",3232460360,72095867,36.1873306,-87.0740252,359,1.15604147,0.869863014,4705,4705,10,54512.090909,0.4
"362","4706",128,47,"06","Congressional District 6","C2",116,"G5200","N",16770155959,324676580,36.1947713,-85.778434,360,-1.880382819,1.078740157,4706,4706,12,272616.95,-0.3
"363","4707",76,47,"07","Congressional District 7","C2",116,"G5200","N",23726991266,415476120,35.6333893,-87.8333421,361,-1.775231931,0.891472868,4707,4707,23,368363.096774,-0.4
"364","4708",116,47,"08","Congressional District 8","C2",116,"G5200","N",17738523374,387103686,35.8508609,-89.1018305,362,-0.898306334,0.861386139,4708,4708,22,377580.560976,-0.4
"365","4709",127,47,"09","Congressional District 9","C2",116,"G5200","N",1252797745,53745455,35.1676342,-89.9788605,363,0.701527399,0.907216495,4709,4709,16,284599.526316,0.4
"366","4801",367,48,"01","Congressional District 1","C2",116,"G5200","N",20380430454,950996579,31.9516781,-94.552046,364,-1.592817598,1.053571429,4801,4801,68,361633.534247,-0.4
"367","4802",387,48,"02","Congressional District 2","C2",116,"G5200","N",799680486,54815759,29.8484945,-95.6459326,365,-0.335674578,0.976190476,4802,4802,21,170640.869186,-0.4
"368","4803",393,48,"03","Congressional District 3","C2",116,"G5200","N",1245329624,98074589,33.1592134,-96.6126952,366,-0.238227838,0.950413223,4803,4803,28,101228.168539,-0.4
"369","4804",395,48,"04","Congressional District 4","C2",116,"G5200","N",26238357408,1009693997,33.298288,-95.4180633,367,-0.911662402,0.983050847,4804,4804,33,341367.814815,-0.444444444444444
"370","4805",375,48,"05","Congressional District 5","C2",116,"G5200","N",13064694054,493918427,32.2257951,-95.7316676,368,-0.522173125,1.01,4805,4805,14,225698.715385,-0.4
"371","4806",371,48,"06","Congressional District 6","C2",116,"G5200","N",5564805243,255530191,32.2350539,-96.6658786,369,-1.560590824,0.981481481,4806,4806,19,181291.3,-0.4
"372","4807",369,48,"07","Congressional District 7","C2",116,"G5200","N",419784487,3069802,29.8792303,-95.7786226,370,0.034227669,1.017094017,4807,4807,73,148755.824503,0.4
"373","4808",383,48,"08","Congressional District 8","C2",116,"G5200","N",15682590427,410338546,30.8332407,-95.5436034,371,-1.957871638,0.960629921,4808,4808,41,159688.238095,-0.3
"374","4809",400,48,"09","Congressional District 9","C2",116,"G5200","N",429173856,5290341,29.6454702,-95.494207,372,0.206035938,0.79,4809,4809,6,166456.270358,0.4
"375","4810",394,48,"10","Congressional District 10","C2",116,"G5200","N",13136357289,185202535,29.9766245,-96.5921553,373,-0.596102651,0.911764706,4810,4810,21,283672.869565,-0.4
"376","4811",379,48,"11","Congressional District 11","C2",116,"G5200","N",72090912439,567658850,31.7323018,-100.063687,374,-1.248071966,1.113402062,4811,4811,127,185586.293333,-0.4
"377","4812",382,48,"12","Congressional District 12","C2",116,"G5200","N",3731825354,86780622,32.8213284,-97.664515,375,-0.072093858,1.124087591,4812,4812,53,84945.046512,-0.4
"378","4813",397,48,"13","Congressional District 13","C2",116,"G5200","N",99326765882,764765962,34.8376887,-100.5978721,376,-1.447094399,1.083333333,4813,4813,106,187762.491228,-0.4
"379","4814",373,48,"14","Congressional District 14","C2",116,"G5200","N",6336699151,2539468440,29.4337172,-94.8926947,377,-0.769169906,0.903508772,4814,4814,65,866483.153061,-0.4
"380","4815",380,48,"15","Congressional District 15","C2",116,"G5200","N",20212430203,154866294,27.7500112,-98.2634106,378,-0.686489628,1.012987013,4815,4815,32,264255.333333,0.4
"381","4816",376,48,"16","Congressional District 16","C2",116,"G5200","N",1841077520,3699541,31.9147345,-106.3088128,379,0.428867645,0.983193277,4816,4816,10,328788.266667,0.4
"382","4817",372,48,"17","Congressional District 17","C2",116,"G5200","N",19815272799,309171233,31.1536017,-96.6657676,380,-0.824433664,0.905172414,4817,4817,44,579274.258065,-0.3
"383","4818",386,48,"18","Congressional District 18","C2",116,"G5200","N",609407297,4386002,29.8646025,-95.5636383,381,2.113190786,1.098591549,4818,4818,204,182813.173669,0.4
"384","4819",401,48,"19","Congressional District 19","C2",116,"G5200","N",66914406427,282385039,33.2452902,-101.2097385,382,-2.705197292,1.018018018,4819,4819,57,218521.203125,-0.4
"385","4820",388,48,"20","Congressional District 20","C2",116,"G5200","N",517653119,1036519,29.4743174,-98.6224612,383,0.075856395,0.947712418,4820,4820,12,207899.153846,0.4
"386","4821",392,48,"21","Congressional District 21","C2",116,"G5200","N",15335237810,91754552,30.0578898,-98.9753677,384,-0.217020141,1.056603774,4821,4821,25,328811.945455,-0.4
"387","4822",399,48,"22","Congressional District 22","C2",116,"G5200","N",2676649152,61159619,29.5107373,-95.677411,385,-1.036221661,1.008474576,4822,4822,5,513052.875,-0.4
"388","4823",381,48,"23","Congressional District 23","C2",116,"G5200","N",150370590066,448808223,30.38921,-102.3267561,386,0.235156499,0.948717949,4823,4823,127,159736.841808,-0.4
"389","4824",377,48,"24","Congressional District 24","C2",116,"G5200","N",680368890,23325673,32.9194727,-97.0127238,387,0.773310964,0.869565217,4824,4824,43,154077.20915,-0.3
"390","4825",390,48,"25","Congressional District 25","C2",116,"G5200","N",19742092988,316353052,31.5007907,-97.8159131,388,-1.246397904,0.880503145,4825,4825,39,223837.91358,-0.4
"391","4826",398,48,"26","Congressional District 26","C2",116,"G5200","N",2349987793,191353567,33.1846148,-97.1341729,389,-1.665417068,1.026455026,4826,4826,17,42904.30303,-0.4
"392","4827",370,48,"27","Congressional District 27","C2",116,"G5200","N",23622386853,4536985434,28.7829945,-96.8414071,390,-0.507568048,1.161290323,4827,4827,75,507549.44086,-0.4
"393","4828",366,48,"28","Congressional District 28","C2",116,"G5200","N",24291214134,299391564,27.8486342,-98.9136118,391,0.577828432,0.861702128,4828,4828,34,286244.096774,0.4
"394","4829",368,48,"29","Congressional District 29","C2",116,"G5200","N",484560611,10286993,29.9491007,-95.4170408,392,0.145356643,0.846153846,4829,4829,28,227672.214047,0.4
"395","4830",385,48,"30","Congressional District 30","C2",116,"G5200","N",922898557,32939871,32.6586215,-96.7990089,393,1.357190281,0.918918919,4830,4830,35,206318.333333,0.4
"396","4831",389,48,"31","Congressional District 31","C2",116,"G5200","N",5580509592,136094581,30.8288177,-97.5354116,394,-0.183602067,0.897727273,4831,4831,6,280792.153846,-0.4
"397","4832",391,48,"32","Congressional District 32","C2",116,"G5200","N",481897778,34271738,32.9203834,-96.653636,395,0.381269442,0.87804878,4832,4832,46,185993.770833,0.4
"398","4833",378,48,"33","Congressional District 33","C2",116,"G5200","N",549099381,16592268,32.7564438,-97.1069479,396,1.167551142,0.904761905,4833,4833,19,151510.242424,0.4
"399","4834",384,48,"34","Congressional District 34","C2",116,"G5200","N",21214050940,3364171422,28.6690372,-97.9260082,397,0.766751486,0.958762887,4834,4834,31,182900.68,0.4
"400","4835",396,48,"35","Congressional District 35","C2",116,"G5200","N",1538273012,19151538,29.9155235,-97.884094,398,0.540922383,0.975,4835,4835,12,463817.509091,0.4
"401","4836",374,48,"36","Congressional District 36","C2",116,"G5200","N",18455700461,1242515897,30.429193,-94.4314897,399,0.734703474,1.091743119,4836,4836,104,522141.551282,-0.4
"402","4901",407,49,"01","Congressional District 1","C2",116,"G5200","N",50652446765,3222107014,40.9604767,-111.3327276,400,-1.03182708,1.03030303,4901,4901,35,152476.636364,-0.4
"403","4902",410,49,"02","Congressional District 2","C2",116,"G5200","N",103639513751,2944001576,38.7449472,-112.5531266,401,-1.129520535,0.872340426,4902,4902,35,556249.139535,-0.4
"404","4903",408,49,"03","Congressional District 3","C2",116,"G5200","N",51990614064,458725091,38.696764,-110.2164022,402,-1.998728215,0.966666667,4903,4903,21,1032961.666667,-0.4
"405","4904",409,49,"04","Congressional District 4","C2",116,"G5200","N",6603647100,373990713,39.8793168,-111.8444529,403,-0.271249467,0.764705882,4904,4904,7,217010.029412,0.2
"406","5000",265,50,"00","Congressional District (at Large)","C1",116,"G5200","N",23874175944,1030416650,44.0685773,-72.6691839,404,0.372256947,0.647540984,5000,5000,13,46326.666667,0.4
"407","5101",212,51,"01","Congressional District 1","C2",116,"G5200","N",10908524934,1767438169,37.8807201,-76.976288,405,-0.070669706,0.992063492,5101,5101,14,274371.30303,-0.4
"408","5102",218,51,"02","Congressional District 2","C2",116,"G5200","N",2858624572,5175504914,37.3937297,-75.9356016,406,-0.356727912,0.944827586,5102,5102,9,41831.5,0.4
"409","5103",213,51,"03","Congressional District 3","C2",116,"G5200","N",1619438767,406420212,36.9137548,-76.5694796,407,-0.406123848,0.808917197,5103,5103,14,48048.136364,0.4
"410","5104",216,51,"04","Congressional District 4","C2",116,"G5200","N",9433257835,296483280,36.961749,-77.1577179,408,-0.077605997,0.978873239,5104,5104,31,268600.803922,0.2
"411","5105",215,51,"05","Congressional District 5","C2",116,"G5200","N",25979630120,391890253,37.3323415,-78.723558,409,-0.699114862,0.834532374,5105,5105,25,543330.6,-0.4
"412","5106",238,51,"06","Congressional District 6","C2",116,"G5200","N",15355775696,104993717,38.136543,-79.1992544,410,-1.058658946,0.798882682,5106,5106,23,196034.035714,-0.4
"413","5107",217,51,"07","Congressional District 7","C2",116,"G5200","N",8075545799,144698517,37.820184,-77.9024081,411,-0.410263618,0.918032787,5107,5107,8,194861.153846,0.4
"414","5108",239,51,"08","Congressional District 8","C2",116,"G5200","N",386908080,29005304,38.7713248,-77.1467415,412,1.22535164,0.86163522,5108,5108,7,107940.434783,0.4
"415","5109",220,51,"09","Congressional District 9","C2",116,"G5200","N",23608647264,153447195,37.0008631,-81.3249946,413,-0.696422846,1.025316456,5109,5109,43,238789.285714,-0.4
"416","5110",214,51,"10","Congressional District 10","C2",116,"G5200","N",3552021685,37324155,39.076162,-77.8559583,414,-0.409417291,0.880733945,5110,5110,7,277520.56,0.4
"417","5111",219,51,"11","Congressional District 11","C2",116,"G5200","N",479342358,21326058,38.78906,-77.2946223,415,1.13252563,0.903614458,5111,5111,4,162349.571429,0.4
"418","5301",191,53,"01","Congressional District 1","C2",116,"G5200","N",16019836313,1097951634,48.3674893,-121.6579122,416,-0.924300067,0.818181818,5301,5301,11,271977.173913,0.4
"419","5302",244,53,"02","Congressional District 2","C2",116,"G5200","N",2630312801,2683559157,48.3753949,-122.5976996,417,0.260177376,0.844827586,5302,5302,8,329483.75,0.4
"420","5303",192,53,"03","Congressional District 3","C2",116,"G5200","N",23611085055,1219984100,46.2709146,-122.2622503,418,-0.007764088,0.908536585,5303,5303,23,353215.545455,-0.3
"421","5304",242,53,"04","Congressional District 4","C2",116,"G5200","N",49848046468,808206849,47.2946268,-119.7071777,419,-1.658337513,0.887640449,5304,5304,20,103210.333333,-0.2
"422","5305",241,53,"05","Congressional District 5","C2",116,"G5200","N",40076148862,598822284,47.5732049,-117.8675495,420,-1.07249879,0.714285714,5305,5305,14,59403.4,-0.4
"423","5306",246,53,"06","Congressional District 6","C2",116,"G5200","N",17876191025,5101382519,47.6388582,-123.5509405,421,-0.493514511,0.85443038,5306,5306,7,148363.214286,0.4
"424","5307",243,53,"07","Congressional District 7","C2",116,"G5200","N",372955017,339685089,47.578426,-122.3913575,422,0.632893934,0.81294964,5307,5307,8,80854.8125,0.4
"425","5308",247,53,"08","Congressional District 8","C2",116,"G5200","N",19060978428,370410119,47.3623847,-121.0393849,423,-0.481574658,0.837209302,5308,5308,6,95359.4,0.4
"426","5309",245,53,"09","Congressional District 9","C2",116,"G5200","N",475212865,104450286,47.4587305,-122.2584711,424,1.310581253,0.699115044,5309,5309,6,74456.333333,0.4
"427","5310",240,53,"10","Congressional District 10","C2",116,"G5200","N",2141821386,234826813,47.041722,-122.7558152,425,-0.550176036,0.867549669,5310,5310,3,717310.615385,0.4
"428","5401",281,54,"01","Congressional District 1","C2",116,"G5200","N",16254914688,175294958,39.3819864,-80.2684973,426,-1.717189899,1.008264463,5401,5401,101,532822.550725,-0.4
"429","5402",283,54,"02","Congressional District 2","C2",116,"G5200","N",20769861016,122654294,38.8387542,-80.1737613,427,-1.022687884,0.849315068,5402,5402,38,241489.125,-0.4
"430","5403",282,54,"03","Congressional District 3","C2",116,"G5200","N",25241698809,191079291,37.9911687,-81.218273,428,-1.893570485,0.795031056,5403,5403,39,517653.382353,-0.4
"431","5501",287,55,"01","Congressional District 1","C2",116,"G5200","N",4475448921,2523692436,42.6952385,-88.0463495,429,-0.29663211,1.053846154,5501,5501,17,476476.757576,-0.4
"432","5502",292,55,"02","Congressional District 2","C2",116,"G5200","N",11750536110,189001494,42.9842952,-89.750866,430,1.085555444,0.752808989,5502,5502,15,154497.5,0.4
"433","5503",288,55,"03","Congressional District 3","C2",116,"G5200","N",28791180399,815152730,44.056297,-90.8917476,431,-0.528206081,0.897435897,5503,5503,25,186187.393939,0.4
"434","5504",289,55,"04","Congressional District 4","C2",116,"G5200","N",332617267,2454549243,42.9048585,-87.842394,432,1.249462838,0.866197183,5504,5504,11,761531.588235,0.4
"435","5505",290,55,"05","Congressional District 5","C2",116,"G5200","N",4897640233,165505624,43.1995976,-88.5315279,433,-0.351913554,1.148387097,5505,5505,9,82075.96,-0.4
"436","5506",293,55,"06","Congressional District 6","C2",116,"G5200","N",12740758652,7315844396,43.7792439,-88.2744226,434,-0.643859011,0.946745562,5506,5506,31,340500.473684,-0.4
"437","5507",291,55,"07","Congressional District 7","C2",116,"G5200","N",59672185021,7700520546,45.6989971,-90.6553345,435,-1.008015806,0.821428571,5507,5507,23,213044.864865,-0.333333333333333
"438","5508",294,55,"08","Congressional District 8","C2",116,"G5200","N",17629673120,8180685289,44.8312557,-87.9368111,436,-0.352271097,1,5508,5508,31,104856.108696,-0.4
"439","5600",194,56,"00","Congressional District (at Large)","C1",116,"G5200","N",251458544898,1867670745,42.9896591,-107.5443922,437,-1.620765542,1.135416667,5600,5600,150,372683.431373,-0.4
"440","6098",310,60,"98","Delegate District (at Large)","C4",116,"G5200","N",197759063,1307243754,-14.267159,-170.6682674,NA,NA,NA,NA,6098,0,NA,NA
"441","6698",271,66,"98","Delegate District (at Large)","C4",116,"G5200","N",543555840,934337453,13.4382886,144.7729493,NA,NA,NA,NA,6698,9,138757.555556,NA
"442","6998",195,69,"98","Delegate District (at Large)","C4",116,"G5200","N",472292529,4644252461,14.9300771,145.6425305,NA,NA,NA,NA,6998,0,NA,NA
"443","7298",286,72,"98","Resident Commissioner District (at Large)","C3",116,"G5200","N",8868896030,4922382562,18.217648,-66.4107992,NA,NA,NA,NA,7298,31,403932.903226,NA
"444","7898",284,78,"98","Delegate District (at Large)","C4",116,"G5200","N",348021896,1550236201,18.2758499,-64.8903849,NA,NA,NA,NA,7898,4,196494.5,NA
